-- MySQL dump 10.13  Distrib 8.0.21, for Win64 (x86_64)
--
-- Host: localhost    Database: vk
-- ------------------------------------------------------
-- Server version	8.0.21

/*!40101 SET @OLD_CHARACTER_SET_CLIENT=@@CHARACTER_SET_CLIENT */;
/*!40101 SET @OLD_CHARACTER_SET_RESULTS=@@CHARACTER_SET_RESULTS */;
/*!40101 SET @OLD_COLLATION_CONNECTION=@@COLLATION_CONNECTION */;
/*!50503 SET NAMES utf8 */;
/*!40103 SET @OLD_TIME_ZONE=@@TIME_ZONE */;
/*!40103 SET TIME_ZONE='+00:00' */;
/*!40014 SET @OLD_UNIQUE_CHECKS=@@UNIQUE_CHECKS, UNIQUE_CHECKS=0 */;
/*!40014 SET @OLD_FOREIGN_KEY_CHECKS=@@FOREIGN_KEY_CHECKS, FOREIGN_KEY_CHECKS=0 */;
/*!40101 SET @OLD_SQL_MODE=@@SQL_MODE, SQL_MODE='NO_AUTO_VALUE_ON_ZERO' */;
/*!40111 SET @OLD_SQL_NOTES=@@SQL_NOTES, SQL_NOTES=0 */;

--
-- Table structure for table `albums`
--

DROP TABLE IF EXISTS `albums`;
/*!40101 SET @saved_cs_client     = @@character_set_client */;
/*!50503 SET character_set_client = utf8mb4 */;
CREATE TABLE `albums` (
  `id` int unsigned NOT NULL AUTO_INCREMENT COMMENT 'ID фотоальбома',
  `name` varchar(255) NOT NULL COMMENT 'название фотоальбома',
  `user_id` int unsigned NOT NULL COMMENT 'ID пользователя - владельца фотоальбома',
  PRIMARY KEY (`id`),
  KEY `user_idx` (`user_id`) /*!80000 INVISIBLE */,
  CONSTRAINT `fk_albums__users` FOREIGN KEY (`user_id`) REFERENCES `users` (`id`)
) ENGINE=InnoDB AUTO_INCREMENT=101 DEFAULT CHARSET=utf8mb4 COLLATE=utf8mb4_0900_ai_ci COMMENT='фотоальбомы';
/*!40101 SET character_set_client = @saved_cs_client */;

--
-- Dumping data for table `albums`
--

LOCK TABLES `albums` WRITE;
/*!40000 ALTER TABLE `albums` DISABLE KEYS */;
INSERT INTO `albums` VALUES (1,'molestiae',1),(2,'sint',2),(3,'voluptatem',3),(4,'tempore',4),(5,'dignissimos',5),(6,'natus',6),(7,'dignissimos',7),(8,'quidem',8),(9,'rerum',9),(10,'nobis',10),(11,'qui',11),(12,'eos',12),(13,'illo',13),(14,'dolores',14),(15,'aut',15),(16,'tempore',16),(17,'quis',17),(18,'eum',18),(19,'numquam',19),(20,'fuga',20),(21,'enim',21),(22,'recusandae',22),(23,'nostrum',23),(24,'reiciendis',24),(25,'rerum',25),(26,'ratione',26),(27,'dolor',27),(28,'odit',28),(29,'sed',29),(30,'repellat',30),(31,'eius',31),(32,'modi',32),(33,'ducimus',33),(34,'in',34),(35,'distinctio',35),(36,'a',36),(37,'qui',37),(38,'aliquam',38),(39,'doloribus',39),(40,'quod',40),(41,'et',41),(42,'provident',42),(43,'itaque',43),(44,'magni',44),(45,'modi',45),(46,'illum',46),(47,'qui',47),(48,'ea',48),(49,'eum',49),(50,'illo',50),(51,'enim',51),(52,'ea',52),(53,'qui',53),(54,'molestiae',54),(55,'laborum',55),(56,'rem',56),(57,'id',57),(58,'optio',58),(59,'est',59),(60,'quas',60),(61,'quia',61),(62,'soluta',62),(63,'recusandae',63),(64,'dolorem',64),(65,'qui',65),(66,'sit',66),(67,'dolores',67),(68,'error',68),(69,'quos',69),(70,'animi',70),(71,'et',71),(72,'sequi',72),(73,'cumque',73),(74,'quisquam',74),(75,'dolor',75),(76,'quo',76),(77,'sit',77),(78,'et',78),(79,'ut',79),(80,'expedita',80),(81,'et',81),(82,'molestiae',82),(83,'sint',83),(84,'mollitia',84),(85,'et',85),(86,'excepturi',86),(87,'est',87),(88,'quae',88),(89,'et',89),(90,'nisi',90),(91,'asperiores',91),(92,'accusantium',92),(93,'iure',93),(94,'voluptatem',94),(95,'placeat',95),(96,'et',96),(97,'deleniti',97),(98,'delectus',98),(99,'blanditiis',99),(100,'recusandae',100);
/*!40000 ALTER TABLE `albums` ENABLE KEYS */;
UNLOCK TABLES;

--
-- Table structure for table `communities`
--

DROP TABLE IF EXISTS `communities`;
/*!40101 SET @saved_cs_client     = @@character_set_client */;
/*!50503 SET character_set_client = utf8mb4 */;
CREATE TABLE `communities` (
  `id` int unsigned NOT NULL AUTO_INCREMENT COMMENT 'ID группы',
  `name` varchar(255) NOT NULL COMMENT 'название группы',
  `admin_id` int unsigned NOT NULL COMMENT 'ID пользователя - администратора',
  PRIMARY KEY (`id`),
  KEY `admin_idx` (`admin_id`),
  KEY `name_idx` (`name`) /*!80000 INVISIBLE */,
  CONSTRAINT `fk_communities__users__admin` FOREIGN KEY (`admin_id`) REFERENCES `users` (`id`)
) ENGINE=InnoDB AUTO_INCREMENT=11 DEFAULT CHARSET=utf8mb4 COLLATE=utf8mb4_0900_ai_ci COMMENT='группы';
/*!40101 SET character_set_client = @saved_cs_client */;

--
-- Dumping data for table `communities`
--

LOCK TABLES `communities` WRITE;
/*!40000 ALTER TABLE `communities` DISABLE KEYS */;
INSERT INTO `communities` VALUES (1,'quis',82),(2,'vitae',57),(3,'nesciunt',47),(4,'unde',43),(5,'nam',39),(6,'dolorum',97),(7,'nemo',1),(8,'aspernatur',86),(9,'et',21),(10,'nesciunt',96);
/*!40000 ALTER TABLE `communities` ENABLE KEYS */;
UNLOCK TABLES;

--
-- Table structure for table `friend_requests`
--

DROP TABLE IF EXISTS `friend_requests`;
/*!40101 SET @saved_cs_client     = @@character_set_client */;
/*!50503 SET character_set_client = utf8mb4 */;
CREATE TABLE `friend_requests` (
  `from_user_id` int unsigned NOT NULL COMMENT 'ID пользователя - отправителя запроса',
  `to_user_id` int unsigned NOT NULL COMMENT 'ID пользователя - получателя запроса',
  `status` tinyint(1) NOT NULL DEFAULT '0' COMMENT 'статус: 0 - неотвечен, 1 - принятый, 2 - отклоненный',
  `created_at` datetime NOT NULL DEFAULT CURRENT_TIMESTAMP COMMENT 'дата и время отправки запроса',
  `updated_at` datetime DEFAULT NULL ON UPDATE CURRENT_TIMESTAMP COMMENT 'дата и время подтверждения/отклонения',
  PRIMARY KEY (`from_user_id`,`to_user_id`),
  KEY `from_user_idx` (`from_user_id`),
  KEY `to_user_idx` (`to_user_id`),
  CONSTRAINT `fk_friend_requests__users__from` FOREIGN KEY (`from_user_id`) REFERENCES `users` (`id`),
  CONSTRAINT `fk_friend_requests__users__to` FOREIGN KEY (`to_user_id`) REFERENCES `users` (`id`)
) ENGINE=InnoDB DEFAULT CHARSET=utf8mb4 COLLATE=utf8mb4_0900_ai_ci COMMENT='запросы в друзья\nдобавить в CREATE (...) после FOREIGN KEY - CHECK (from_users_id <> to_users_id)';
/*!40101 SET character_set_client = @saved_cs_client */;

--
-- Dumping data for table `friend_requests`
--

LOCK TABLES `friend_requests` WRITE;
/*!40000 ALTER TABLE `friend_requests` DISABLE KEYS */;
INSERT INTO `friend_requests` VALUES (1,99,1,'1996-01-27 13:05:32','1981-10-21 11:00:15'),(2,72,3,'1995-08-06 05:54:21','1986-12-13 08:13:21'),(2,86,1,'1974-05-30 06:11:26','1974-09-14 15:32:39'),(3,75,1,'2010-07-03 10:35:22','2005-12-06 18:07:31'),(4,25,2,'1983-06-25 19:11:06','1995-03-28 13:37:07'),(4,60,1,'1970-05-21 01:28:46','1993-07-03 14:49:30'),(5,50,1,'2002-08-14 00:55:47','1988-11-22 13:55:44'),(5,93,3,'2018-08-26 16:32:04','1970-04-25 01:43:08'),(7,87,1,'2001-02-08 03:39:55','1984-12-29 12:50:45'),(8,6,3,'2005-10-15 14:25:43','1985-12-27 18:09:29'),(8,35,3,'1991-10-11 10:11:47','2014-04-09 05:27:24'),(9,10,1,'1972-05-19 20:08:31','2001-04-05 09:01:59'),(9,92,2,'1977-01-04 13:32:00','1985-07-21 19:04:31'),(10,44,2,'1973-12-06 23:32:56','1989-06-23 10:33:58'),(11,78,2,'2018-02-26 14:06:05','1992-12-09 23:05:09'),(16,38,1,'1998-03-31 05:03:01','1981-02-19 09:28:37'),(16,84,1,'2010-11-17 11:03:57','2012-03-03 19:43:34'),(18,39,2,'1983-08-07 13:29:31','1974-10-16 17:44:07'),(19,20,2,'1994-08-05 06:12:05','1999-10-30 21:27:22'),(20,14,2,'1979-03-08 17:12:16','1975-06-20 23:54:10'),(20,54,1,'2019-09-03 02:24:08','1973-06-02 15:26:48'),(20,56,3,'1977-01-26 15:51:04','2011-07-28 22:52:37'),(24,17,1,'2000-11-14 16:54:28','1996-05-08 09:53:00'),(24,73,2,'2000-06-13 00:39:40','1980-11-25 09:53:39'),(24,77,1,'1998-05-24 04:56:47','1986-03-11 23:13:29'),(25,58,1,'2003-07-14 13:52:49','1975-06-04 03:50:05'),(25,71,3,'1970-04-21 09:49:53','2016-04-10 16:30:50'),(26,78,3,'2003-09-09 09:20:35','2020-02-29 00:33:38'),(27,19,1,'2013-10-10 06:53:51','1989-08-18 10:42:38'),(27,58,3,'2001-01-03 04:55:47','2005-06-17 19:12:16'),(27,67,2,'2004-02-25 07:47:19','2012-10-12 02:41:56'),(27,75,3,'1995-12-15 02:53:01','1987-10-02 03:27:06'),(29,52,3,'2020-03-12 19:11:30','2003-02-27 19:06:30'),(29,76,1,'1990-01-10 17:01:09','1984-05-12 22:50:01'),(30,61,3,'1987-02-11 04:40:15','1985-11-27 11:04:21'),(31,65,1,'1971-09-14 02:15:15','1972-09-02 09:26:10'),(32,85,1,'1995-04-03 06:45:10','1993-08-21 06:25:14'),(34,68,2,'1972-06-10 15:47:50','1993-11-20 19:02:41'),(35,59,3,'1975-10-19 06:27:41','2020-01-20 03:58:34'),(36,18,2,'2013-03-23 10:12:15','1984-04-01 08:29:59'),(38,17,1,'1972-12-16 17:02:39','1972-02-05 14:42:27'),(38,51,1,'2019-11-06 01:44:00','2016-03-07 04:00:13'),(38,84,1,'1979-07-07 15:00:56','2011-01-11 19:39:57'),(41,5,2,'1988-10-25 07:17:14','1984-03-17 02:30:38'),(41,58,3,'1971-12-12 06:32:09','2015-01-29 22:37:53'),(42,49,2,'1976-02-04 01:36:15','1981-10-28 08:32:05'),(42,99,1,'1990-01-08 00:34:35','2006-08-28 08:29:07'),(43,13,2,'2006-12-14 14:54:48','2003-02-25 08:39:51'),(43,82,3,'2018-05-30 20:56:47','1970-01-23 05:36:38'),(45,28,2,'2014-10-26 00:28:10','1983-11-14 06:48:33'),(45,31,1,'1974-09-02 22:30:54','1974-03-30 08:05:03'),(46,49,3,'2001-01-04 01:54:31','1984-01-14 09:39:27'),(47,93,3,'1984-04-05 09:04:48','2011-05-01 04:27:16'),(48,67,2,'2009-03-02 17:10:06','1991-05-13 06:59:10'),(51,72,3,'2011-06-27 10:20:15','2017-10-19 12:33:44'),(51,97,3,'1984-04-26 17:12:54','1998-09-05 16:50:08'),(53,75,1,'2005-02-24 19:17:06','1994-05-15 08:04:12'),(54,10,1,'1980-09-20 21:59:33','1992-12-23 21:31:16'),(55,5,1,'1971-04-30 03:58:43','2018-07-02 09:27:10'),(55,86,1,'2012-05-02 02:27:17','2008-06-04 02:03:45'),(56,2,2,'1981-10-18 12:37:58','1985-06-26 17:37:52'),(58,73,3,'2008-09-26 11:15:05','2011-01-29 06:03:15'),(60,78,3,'2008-09-13 10:58:47','2013-11-21 13:18:06'),(62,56,1,'1992-10-14 18:32:31','2017-04-02 02:53:40'),(62,85,2,'1976-01-25 19:12:48','1976-02-19 00:03:42'),(63,39,1,'2012-05-17 01:55:53','1979-02-19 15:30:41'),(64,2,2,'1985-12-07 14:12:47','2019-12-13 02:16:50'),(66,69,3,'1976-08-15 01:15:04','2011-08-08 15:55:53'),(66,70,3,'2006-06-07 13:24:14','1996-12-15 11:34:40'),(66,76,1,'1979-02-25 00:14:14','2002-01-02 20:25:09'),(67,67,1,'2013-05-01 04:47:20','2008-09-11 18:29:08'),(68,9,1,'1979-05-22 02:03:20','1975-01-15 16:12:41'),(68,54,1,'2017-12-29 22:04:53','1983-10-21 09:26:11'),(68,95,3,'2013-12-18 23:19:18','1998-04-11 09:17:10'),(70,13,1,'2014-04-29 16:55:51','1975-02-25 21:12:11'),(73,22,1,'1973-01-11 09:23:56','2007-04-26 22:48:16'),(73,28,3,'1975-05-18 11:03:05','2019-02-24 06:40:34'),(73,38,2,'1974-06-22 22:44:16','1981-03-04 11:20:51'),(73,65,3,'2018-09-25 06:25:18','1973-03-18 19:39:53'),(73,91,2,'2000-11-14 04:41:07','1978-02-28 10:31:40'),(77,53,3,'1977-09-20 05:21:24','2004-12-16 14:40:52'),(78,82,1,'1990-08-25 12:31:25','2012-05-23 04:40:17'),(79,1,1,'1990-01-19 02:46:44','1985-04-01 12:01:26'),(79,16,1,'2004-12-04 19:59:45','2000-10-07 15:43:08'),(81,73,2,'1971-09-22 22:13:32','2010-12-12 10:55:45'),(81,87,1,'1996-07-23 13:51:24','2011-10-10 01:19:59'),(82,39,3,'1989-03-15 00:25:08','2004-08-22 19:34:45'),(88,53,2,'2006-09-12 11:50:10','1976-04-08 13:34:31'),(88,54,1,'1977-08-29 10:07:27','2012-05-30 09:24:00'),(88,83,3,'2001-04-10 19:01:51','2006-10-26 09:05:23'),(89,29,3,'1987-02-08 21:10:56','1975-03-26 15:47:52'),(89,60,3,'1981-07-19 13:08:43','2020-02-01 04:06:34'),(91,44,3,'1990-06-07 20:30:13','1979-01-02 20:25:38'),(91,90,2,'1992-06-08 16:33:24','2020-05-29 18:09:02'),(94,44,3,'2002-07-15 00:23:02','1998-03-15 01:19:31'),(94,95,2,'1994-07-25 03:13:15','1973-03-18 10:41:10'),(97,2,1,'2011-06-05 19:43:35','1994-05-26 13:22:48'),(98,18,3,'1978-05-11 02:21:06','2013-08-02 17:47:46'),(99,50,3,'1988-07-08 03:53:26','1980-05-08 07:31:05'),(100,29,3,'1983-09-30 04:22:57','2007-06-13 19:12:00');
/*!40000 ALTER TABLE `friend_requests` ENABLE KEYS */;
UNLOCK TABLES;

--
-- Table structure for table `media`
--

DROP TABLE IF EXISTS `media`;
/*!40101 SET @saved_cs_client     = @@character_set_client */;
/*!50503 SET character_set_client = utf8mb4 */;
CREATE TABLE `media` (
  `id` int unsigned NOT NULL AUTO_INCREMENT COMMENT 'ID медиафайла',
  `media_type_id` int unsigned NOT NULL COMMENT 'ID типа медиафайла',
  `user_id` int unsigned NOT NULL COMMENT 'ID пользователя - владельца медиафайла',
  `blob` blob NOT NULL COMMENT 'файл в формате blob',
  `size` int unsigned NOT NULL COMMENT 'размер файла в байтах',
  `metadata` json DEFAULT NULL COMMENT 'массив метаданных о файле в формате JSON',
  `created_at` datetime NOT NULL DEFAULT CURRENT_TIMESTAMP COMMENT 'дата и время создания',
  `updated_at` datetime DEFAULT NULL ON UPDATE CURRENT_TIMESTAMP COMMENT 'дата и время изменения',
  PRIMARY KEY (`id`),
  KEY `media_type_idx` (`media_type_id`) /*!80000 INVISIBLE */,
  KEY `user_idx` (`user_id`),
  CONSTRAINT `fk_media__media_types` FOREIGN KEY (`media_type_id`) REFERENCES `media_types` (`id`),
  CONSTRAINT `fk_media__users` FOREIGN KEY (`user_id`) REFERENCES `users` (`id`)
) ENGINE=InnoDB AUTO_INCREMENT=101 DEFAULT CHARSET=utf8mb4 COLLATE=utf8mb4_0900_ai_ci COMMENT='медиафайлы';
/*!40101 SET character_set_client = @saved_cs_client */;

--
-- Dumping data for table `media`
--

LOCK TABLES `media` WRITE;
/*!40000 ALTER TABLE `media` DISABLE KEYS */;
INSERT INTO `media` VALUES (1,2,88,'',17849,NULL,'1999-02-02 22:02:47','1979-09-14 04:31:50'),(2,3,75,'',90904611,NULL,'1987-05-18 22:01:53','2007-10-03 11:03:57'),(3,3,52,'',30810621,NULL,'1973-10-10 07:17:51','1990-12-04 15:45:35'),(4,3,68,'',9032,NULL,'1980-01-15 02:47:02','2016-07-19 20:32:46'),(5,2,78,'',8160,NULL,'1983-10-27 05:09:00','1995-12-15 14:41:22'),(6,3,35,'',795562,NULL,'2010-03-28 12:05:00','1984-01-29 19:25:08'),(7,2,1,'',236151,NULL,'2004-04-22 13:07:15','2003-06-05 15:33:06'),(8,2,90,'',813,NULL,'1983-04-26 10:14:00','1987-09-30 23:16:52'),(9,1,12,'',44698,NULL,'2018-09-03 09:29:16','1993-09-11 21:45:08'),(10,3,25,'',6,NULL,'1985-04-08 16:26:45','2008-09-27 02:53:11'),(11,1,47,'',224789,NULL,'1996-10-01 20:02:29','1978-02-25 11:23:12'),(12,2,55,'',30,NULL,'1970-11-09 06:48:16','1993-08-19 00:56:02'),(13,3,39,'',7498,NULL,'2004-04-26 22:05:35','1990-09-28 07:25:22'),(14,1,32,'',82526,NULL,'2012-11-25 00:36:16','2003-03-11 20:33:04'),(15,1,31,'',5092786,NULL,'1990-12-20 21:29:14','1984-06-30 18:07:28'),(16,3,45,'',10432157,NULL,'2008-02-09 03:07:50','1993-12-28 07:36:45'),(17,1,74,'',4,NULL,'1977-04-19 10:22:51','1996-12-03 06:10:02'),(18,1,2,'',0,NULL,'2009-09-25 14:38:47','1975-09-27 05:11:07'),(19,1,11,'',40,NULL,'2018-03-08 01:42:16','1982-09-05 02:40:44'),(20,3,68,'',957309,NULL,'1971-02-03 00:39:18','1999-04-25 20:37:45'),(21,3,49,'',17515,NULL,'1979-10-31 21:58:57','1981-09-07 17:00:58'),(22,1,28,'',37219888,NULL,'2006-07-18 03:35:55','2011-02-24 15:34:39'),(23,2,62,'',27740785,NULL,'2020-04-19 04:50:18','2006-01-24 22:31:44'),(24,1,61,'',76354,NULL,'1971-01-15 20:47:54','1999-01-13 20:47:09'),(25,3,7,'',0,NULL,'1979-12-21 10:27:57','1989-07-10 22:55:36'),(26,3,99,'',672619,NULL,'1972-01-26 16:43:49','1977-06-17 18:28:48'),(27,2,48,'',6044327,NULL,'2015-02-23 11:06:42','1985-07-10 21:15:05'),(28,2,25,'',6,NULL,'1973-12-04 04:16:42','2016-11-03 04:03:52'),(29,3,71,'',23392,NULL,'1974-05-21 21:13:38','1994-11-09 07:07:02'),(30,2,95,'',0,NULL,'1973-09-29 21:08:20','1976-01-22 16:47:01'),(31,1,54,'',0,NULL,'2005-12-20 00:51:09','1983-02-10 10:42:21'),(32,2,19,'',0,NULL,'1992-05-21 22:36:47','1978-05-12 22:20:40'),(33,1,58,'',84289,NULL,'1985-10-08 19:03:23','1991-09-14 03:43:11'),(34,1,54,'',39,NULL,'1972-06-19 07:32:25','2016-11-17 16:52:50'),(35,3,89,'',27032,NULL,'1973-02-03 18:02:50','1983-03-08 02:27:40'),(36,1,58,'',36539,NULL,'1999-06-13 07:51:33','2009-11-01 23:14:02'),(37,2,23,'',7,NULL,'2000-04-22 16:58:18','1989-07-25 05:06:26'),(38,3,86,'',23292090,NULL,'2002-06-13 11:08:58','1996-12-08 18:22:34'),(39,3,3,'',4697,NULL,'2011-02-02 00:56:25','1982-02-23 13:40:45'),(40,2,57,'',328959348,NULL,'2018-12-12 19:32:06','2012-11-10 16:05:32'),(41,1,32,'',34219,NULL,'2010-06-12 23:37:28','2004-10-25 12:58:40'),(42,2,61,'',734898,NULL,'1978-03-12 08:23:39','1973-09-13 06:09:44'),(43,3,10,'',74000582,NULL,'2008-05-31 17:59:48','1976-06-16 19:58:26'),(44,3,66,'',0,NULL,'1989-02-18 06:34:29','2003-01-18 17:48:33'),(45,3,42,'',6549,NULL,'1974-05-29 04:03:10','1996-08-18 21:58:43'),(46,2,81,'',11966,NULL,'1996-09-01 04:26:02','2004-09-28 00:34:21'),(47,3,99,'',0,NULL,'1975-02-24 09:57:57','2000-05-19 19:19:57'),(48,3,23,'',5725,NULL,'1996-04-16 20:26:00','2003-09-30 22:58:43'),(49,2,19,'',8336,NULL,'1976-04-15 14:14:18','2016-03-22 20:06:19'),(50,3,26,'',4111,NULL,'1989-04-19 14:40:34','2009-06-30 03:42:53'),(51,1,97,'',41142504,NULL,'1975-12-31 21:13:58','1994-03-09 15:31:19'),(52,3,45,'',5,NULL,'2010-10-15 00:20:47','2015-08-18 07:48:57'),(53,1,68,'',39,NULL,'2010-03-03 15:09:16','1990-04-12 15:29:59'),(54,1,3,'',0,NULL,'1998-08-29 14:56:23','2007-06-17 02:52:30'),(55,3,77,'',8752361,NULL,'1997-01-11 16:14:31','2010-11-06 20:33:37'),(56,2,79,'',6267,NULL,'1986-03-21 13:54:08','1972-10-16 14:57:32'),(57,1,15,'',17866,NULL,'2008-11-30 17:34:38','2014-07-27 04:35:30'),(58,2,87,'',523,NULL,'1988-07-26 09:38:59','1981-04-05 07:31:10'),(59,1,25,'',2,NULL,'1980-12-04 16:48:35','2019-09-10 07:17:59'),(60,2,4,'',8,NULL,'2009-10-07 09:29:32','1986-03-21 18:23:35'),(61,2,13,'',630595,NULL,'1984-12-19 07:11:27','1971-06-16 06:40:50'),(62,3,62,'',0,NULL,'2006-08-05 19:31:52','2011-04-28 22:56:16'),(63,1,83,'',809,NULL,'1993-02-05 09:56:03','2008-09-10 20:05:09'),(64,3,68,'',7164592,NULL,'1985-09-03 14:58:56','2009-11-26 14:15:46'),(65,1,60,'',828756,NULL,'2020-04-02 07:13:13','2009-08-12 23:37:24'),(66,3,9,'',0,NULL,'1995-04-10 14:39:48','1972-01-27 08:14:32'),(67,2,76,'',593737,NULL,'1980-04-22 08:14:36','1984-09-12 05:44:04'),(68,2,76,'',509651,NULL,'1974-07-09 03:38:08','2009-08-31 20:59:44'),(69,2,83,'',0,NULL,'2001-06-25 01:49:50','1980-04-18 03:56:18'),(70,3,13,'',141840,NULL,'2013-03-10 22:57:49','2004-08-07 05:22:36'),(71,2,37,'',0,NULL,'2017-04-14 09:39:24','1975-07-21 12:49:51'),(72,3,67,'',5917464,NULL,'1970-08-19 09:05:49','1998-01-14 12:33:36'),(73,2,30,'',1163078,NULL,'2003-10-08 19:13:56','1979-05-20 16:48:47'),(74,2,76,'',94,NULL,'2004-03-03 11:38:03','1974-03-11 22:34:25'),(75,2,7,'',4720,NULL,'1990-03-11 09:58:18','1997-05-08 16:25:23'),(76,3,20,'',9430,NULL,'1992-04-09 10:04:16','1982-11-08 04:37:25'),(77,1,63,'',39,NULL,'1993-08-31 20:51:38','2000-12-14 15:11:58'),(78,3,30,'',0,NULL,'1994-05-29 19:58:28','1988-07-04 19:41:48'),(79,2,65,'',56927,NULL,'2002-09-06 10:27:58','1991-01-18 21:03:37'),(80,3,48,'',495,NULL,'2005-10-23 20:18:12','1999-07-04 22:08:48'),(81,1,90,'',0,NULL,'1982-10-01 09:43:17','1980-10-08 05:56:10'),(82,2,81,'',766350024,NULL,'2010-01-28 21:17:22','1972-07-29 13:02:23'),(83,2,10,'',0,NULL,'2018-07-07 19:43:53','2002-10-07 03:47:00'),(84,2,7,'',995432272,NULL,'1985-01-04 18:39:53','1982-08-06 02:22:05'),(85,3,34,'',875721,NULL,'2015-02-22 04:56:14','1976-05-25 12:18:47'),(86,1,52,'',59226,NULL,'1978-12-18 06:56:20','1970-12-02 20:44:58'),(87,3,11,'',9374855,NULL,'1999-10-16 05:31:34','1978-12-25 15:19:35'),(88,1,22,'',668943097,NULL,'1981-04-07 15:36:02','1987-05-05 09:06:43'),(89,2,73,'',524101,NULL,'1993-07-31 14:05:46','2006-02-23 10:26:57'),(90,3,94,'',7,NULL,'1992-10-08 16:51:31','2014-03-07 07:36:07'),(91,3,76,'',85810,NULL,'1995-02-02 17:49:27','2015-11-07 12:51:47'),(92,1,98,'',44682730,NULL,'2015-05-12 00:17:32','1998-10-11 22:31:03'),(93,2,94,'',46124743,NULL,'1970-02-14 07:18:15','1989-04-14 03:49:48'),(94,1,84,'',0,NULL,'2000-08-14 15:39:00','1987-04-15 04:25:54'),(95,2,24,'',418,NULL,'2007-04-05 14:50:23','1995-12-29 04:12:57'),(96,1,83,'',9080979,NULL,'1975-02-23 13:46:08','2007-02-22 08:25:01'),(97,1,87,'',39,NULL,'1998-05-18 03:29:21','2014-06-12 18:11:53'),(98,2,77,'',79,NULL,'2006-05-27 01:01:29','1979-10-25 09:56:53'),(99,3,19,'',7432535,NULL,'1974-07-25 17:03:53','1975-11-29 03:42:24'),(100,3,88,'',295155088,NULL,'2012-09-12 22:03:03','2012-07-20 16:02:32');
/*!40000 ALTER TABLE `media` ENABLE KEYS */;
UNLOCK TABLES;

--
-- Table structure for table `media_types`
--

DROP TABLE IF EXISTS `media_types`;
/*!40101 SET @saved_cs_client     = @@character_set_client */;
/*!50503 SET character_set_client = utf8mb4 */;
CREATE TABLE `media_types` (
  `id` int unsigned NOT NULL AUTO_INCREMENT COMMENT 'ID типа медиафайла',
  `name` varchar(255) NOT NULL COMMENT 'название типа медиафайла',
  `created_at` datetime NOT NULL DEFAULT CURRENT_TIMESTAMP COMMENT 'дата и время создания',
  `updated_at` datetime DEFAULT NULL ON UPDATE CURRENT_TIMESTAMP COMMENT 'дата и время изменения',
  PRIMARY KEY (`id`)
) ENGINE=InnoDB AUTO_INCREMENT=4 DEFAULT CHARSET=utf8mb4 COLLATE=utf8mb4_0900_ai_ci COMMENT='типы медиафайлов';
/*!40101 SET character_set_client = @saved_cs_client */;

--
-- Dumping data for table `media_types`
--

LOCK TABLES `media_types` WRITE;
/*!40000 ALTER TABLE `media_types` DISABLE KEYS */;
INSERT INTO `media_types` VALUES (1,'video','2006-08-16 04:30:55','2008-05-02 17:58:08'),(2,'mp3','2019-03-23 12:25:38','1987-03-20 17:22:09'),(3,'video','1974-06-05 13:12:41','2016-10-24 11:14:08');
/*!40000 ALTER TABLE `media_types` ENABLE KEYS */;
UNLOCK TABLES;

--
-- Table structure for table `messages`
--

DROP TABLE IF EXISTS `messages`;
/*!40101 SET @saved_cs_client     = @@character_set_client */;
/*!50503 SET character_set_client = utf8mb4 */;
CREATE TABLE `messages` (
  `id` int unsigned NOT NULL AUTO_INCREMENT COMMENT 'ID сообщения',
  `from_user_id` int unsigned NOT NULL COMMENT 'ID пользователя - отправителя',
  `to_user_id` int unsigned NOT NULL COMMENT 'ID пользователя - получателя',
  `text` text NOT NULL COMMENT 'текст сообщения',
  `created_at` datetime NOT NULL DEFAULT CURRENT_TIMESTAMP COMMENT 'дата и время создания',
  PRIMARY KEY (`id`),
  KEY `from_user_idx` (`from_user_id`) /*!80000 INVISIBLE */,
  KEY `to_user_idx` (`to_user_id`) /*!80000 INVISIBLE */,
  CONSTRAINT `fk_messages__users__from` FOREIGN KEY (`from_user_id`) REFERENCES `users` (`id`),
  CONSTRAINT `fk_messages__users__to` FOREIGN KEY (`to_user_id`) REFERENCES `users` (`id`)
) ENGINE=InnoDB AUTO_INCREMENT=101 DEFAULT CHARSET=utf8mb4 COLLATE=utf8mb4_0900_ai_ci COMMENT='сообщения';
/*!40101 SET character_set_client = @saved_cs_client */;

--
-- Dumping data for table `messages`
--

LOCK TABLES `messages` WRITE;
/*!40000 ALTER TABLE `messages` DISABLE KEYS */;
INSERT INTO `messages` VALUES (1,42,1,'Cat went on, taking first one side and up the fan she was peering about anxiously among the people that walk with their fur clinging close to the whiting,\' said the cook. The King looked anxiously.','1984-08-03 00:10:44'),(2,67,64,'Alice, \'to speak to this mouse? Everything is so out-of-the-way down here, and I\'m sure I don\'t remember where.\' \'Well, it must be a walrus or hippopotamus, but then she walked up towards it rather.','1982-03-07 01:13:31'),(3,68,67,'Footman went on in a low, hurried tone. He looked at the house, quite forgetting in the sun. (IF you don\'t even know what to uglify is, you see, Miss, this here ought to be a book of rules for.','1978-04-10 16:25:42'),(4,19,55,'I might venture to say whether the blows hurt it or not. \'Oh, PLEASE mind what you\'re doing!\' cried Alice, jumping up and throw us, with the next moment she quite forgot you didn\'t sign it,\' said.','1999-07-13 07:37:32'),(5,61,28,'INSIDE, you might catch a bat, and that\'s very like a Jack-in-the-box, and up the other, and making quite a large arm-chair at one corner of it: for she had gone through that day. \'No, no!\' said the.','1990-04-08 04:17:13'),(6,90,44,'And she began nursing her child again, singing a sort of lullaby to it in the last few minutes it puffed away without being seen, when she got to grow larger again, and we won\'t talk about cats or.','2004-03-15 20:56:53'),(7,10,40,'So Alice got up very sulkily and crossed over to the other, looking uneasily at the White Rabbit blew three blasts on the back. However, it was only a mouse that had fallen into the sky. Alice went.','1983-10-19 08:28:54'),(8,71,49,'As they walked off together, Alice heard the Queen of Hearts, who only bowed and smiled in reply. \'Idiot!\' said the Hatter, \'when the Queen said severely \'Who is this?\' She said it to her feet as.','1992-04-26 15:33:56'),(9,18,32,'I shall be late!\' (when she thought it over here,\' said the Dodo, pointing to the Classics master, though. He was an uncomfortably sharp chin. However, she got up this morning, but I shall be late!\'.','2001-12-19 02:05:29'),(10,28,12,'IS the fun?\' said Alice. \'Why, SHE,\' said the Queen. \'I haven\'t opened it yet,\' said Alice; \'that\'s not at all for any lesson-books!\' And so she waited. The Gryphon lifted up both its paws in.','1996-08-13 03:49:51'),(11,85,18,'Quick, now!\' And Alice was silent. The Dormouse slowly opened his eyes. He looked anxiously round, to make out which were the two creatures, who had been to a snail. \"There\'s a porpoise close behind.','2012-07-22 05:11:33'),(12,13,64,'By the use of repeating all that green stuff be?\' said Alice. \'Why, there they lay sprawling about, reminding her very much what would happen next. First, she dreamed of little animals and birds.','1982-05-15 21:30:56'),(13,51,26,'So she went on in a long, low hall, which was full of the Queen\'s absence, and were quite dry again, the Dodo managed it.) First it marked out a history of the jurymen. \'It isn\'t a bird,\' Alice.','2009-07-12 22:55:13'),(14,79,70,'Imagine her surprise, when the Rabbit asked. \'No, I give it up,\' Alice replied: \'what\'s the answer?\' \'I haven\'t the slightest idea,\' said the King exclaimed, turning to the little door into that.','1971-10-05 22:05:20'),(15,15,65,'LESS,\' said the Duck. \'Found IT,\' the Mouse to Alice for protection. \'You shan\'t be able! I shall never get to twenty at that rate! However, the Multiplication Table doesn\'t signify: let\'s try the.','1974-10-28 08:11:43'),(16,9,56,'She had not long to doubt, for the end of the tail, and ending with the Lory, as soon as she swam lazily about in all my life, never!\' They had a little recovered from the trees under which she had.','1974-05-07 03:17:47'),(17,65,75,'Alice went on growing, and very nearly in the wood, \'is to grow here,\' said the Cat. \'--so long as I used--and I don\'t put my arm round your waist,\' the Duchess said after a pause: \'the reason is,.','1980-10-02 14:17:14'),(18,19,32,'Queen\'s absence, and were quite silent, and looked at it uneasily, shaking it every now and then, if I shall have to go through next walking about at the bottom of a well?\' \'Take some more tea,\' the.','1986-07-28 18:34:31'),(19,42,37,'Alice, and she ran with all their simple sorrows, and find a pleasure in all my limbs very supple By the use of a muchness\"--did you ever eat a bat?\' when suddenly, thump! thump! down she came.','1980-04-09 11:31:58'),(20,86,2,'Take your choice!\' The Duchess took no notice of her head to hide a smile: some of YOUR adventures.\' \'I could tell you how it was labelled \'ORANGE MARMALADE\', but to open it; but, as the March Hare.','1976-04-13 16:33:18'),(21,64,76,'She waited for some time without interrupting it. \'They were learning to draw, you know--\' \'But, it goes on \"THEY ALL RETURNED FROM HIM TO YOU,\"\' said Alice. \'Nothing WHATEVER?\' persisted the King..','2016-05-14 18:40:46'),(22,45,73,'I do it again and again.\' \'You are old,\' said the March Hare said to itself \'The Duchess! The Duchess! Oh my dear Dinah! I wonder if I\'ve been changed several times since then.\' \'What do you know.','1993-02-20 12:56:33'),(23,15,16,'I hate cats and dogs.\' It was opened by another footman in livery, with a soldier on each side, and opened their eyes and mouths so VERY tired of sitting by her sister on the same words as before,.','1989-11-05 06:57:28'),(24,22,32,'Gryphon, and the small ones choked and had been running half an hour or so, and giving it a very long silence, broken only by an occasional exclamation of \'Hjckrrh!\' from the change: and Alice.','2016-06-04 06:56:57'),(25,47,50,'There was certainly not becoming. \'And that\'s the queerest thing about it.\' \'She\'s in prison,\' the Queen was in livery: otherwise, judging by his face only, she would manage it. \'They were obliged.','1972-04-26 21:13:38'),(26,43,32,'Gryphon at the place of the house, and have next to no toys to play with, and oh! ever so many lessons to learn! No, I\'ve made up my mind about it; and while she was peering about anxiously among.','1984-06-18 20:40:01'),(27,67,55,'ONE.\' \'One, indeed!\' said the King; \'and don\'t look at a reasonable pace,\' said the Hatter. \'You might just as she came upon a low curtain she had sat down at her rather inquisitively, and seemed to.','2006-05-14 21:12:23'),(28,96,17,'Mock Turtle sighed deeply, and began, in a low voice, to the other: he came trotting along in a tone of the Mock Turtle went on. Her listeners were perfectly quiet till she had sat down with wonder.','2008-10-14 02:49:28'),(29,81,74,'Alice, surprised at her with large round eyes, and feebly stretching out one paw, trying to box her own mind (as well as she couldn\'t answer either question, it didn\'t much matter which way it was.','2001-01-28 06:02:35'),(30,87,95,'I\'ve seen that done,\' thought Alice. One of the month is it?\' The Gryphon sat up and repeat something now. Tell her to wink with one eye; \'I seem to put everything upon Bill! I wouldn\'t be so stingy.','2020-04-08 08:31:01'),(31,38,95,'What happened to me! I\'LL soon make you grow shorter.\' \'One side will make you a present of everything I\'ve said as yet.\' \'A cheap sort of people live about here?\' \'In THAT direction,\' the Cat said,.','1976-05-25 21:20:20'),(32,50,3,'Alice felt dreadfully puzzled. The Hatter\'s remark seemed to be a very respectful tone, but frowning and making quite a conversation of it at last, and managed to put everything upon Bill! I.','1976-06-01 10:23:11'),(33,70,69,'Gryphon whispered in a shrill, passionate voice. \'Would YOU like cats if you could draw treacle out of the window, and on it (as she had not the smallest notice of them even when they saw the White.','1971-06-08 19:02:25'),(34,34,12,'Hatter, \'I cut some more bread-and-butter--\' \'But what did the Dormouse began in a tone of this sort in her haste, she had tired herself out with his head!\' or \'Off with his whiskers!\' For some.','1992-08-25 11:30:46'),(35,6,20,'Alice whispered, \'that it\'s done by everybody minding their own business!\' \'Ah, well! It means much the same thing, you know.\' \'Not at first, but, after watching it a little wider. \'Come, it\'s.','1976-05-07 21:28:41'),(36,13,70,'It was high time to go, for the garden!\' and she dropped it hastily, just in time to see it trot away quietly into the sea, some children digging in the middle of one! There ought to speak, but for.','2014-07-11 13:57:09'),(37,95,58,'Dormouse indignantly. However, he consented to go down--Here, Bill! the master says you\'re to go on. \'And so these three weeks!\' \'I\'m very sorry you\'ve been annoyed,\' said Alice, and tried to look.','1970-03-15 05:34:03'),(38,43,10,'Alice to herself, as she ran. \'How surprised he\'ll be when he pleases!\' CHORUS. \'Wow! wow! wow!\' While the Duchess said in a hurry. \'No, I\'ll look first,\' she said, \'than waste it in asking riddles.','2010-03-22 01:00:00'),(39,73,64,'Alice was very likely it can be,\' said the Duchess, digging her sharp little chin into Alice\'s head. \'Is that all?\' said the Duchess; \'and the moral of that is--\"Birds of a candle is like after the.','1984-08-01 02:36:52'),(40,41,20,'Majesty,\' he began. \'You\'re a very small cake, on which the wretched Hatter trembled so, that he shook both his shoes on. \'--and just take his head contemptuously. \'I dare say there may be.','1970-09-18 03:24:50'),(41,13,84,'HAVE tasted eggs, certainly,\' said Alice, a little nervous about it just grazed his nose, you know?\' \'It\'s the first question, you know.\' \'Not the same thing,\' said the King, looking round the neck.','1996-12-20 02:41:05'),(42,51,80,'Dinah, tell me who YOU are, first.\' \'Why?\' said the Gryphon: and it was only too glad to get dry very soon. \'Ahem!\' said the Hatter. \'Stolen!\' the King said to the baby, it was good practice to say.','1986-05-31 23:21:06'),(43,39,46,'CHAPTER X. The Lobster Quadrille The Mock Turtle\'s Story \'You can\'t think how glad I am in the back. However, it was the White Rabbit, with a trumpet in one hand and a long sleep you\'ve had!\' \'Oh,.','2007-01-24 22:38:23'),(44,96,19,'King: \'however, it may kiss my hand if it likes.\' \'I\'d rather finish my tea,\' said the Caterpillar sternly. \'Explain yourself!\' \'I can\'t go no lower,\' said the Queen, who had got so much at this,.','1991-04-28 09:45:10'),(45,20,82,'I can\'t see you?\' She was a long time with great curiosity. \'Soles and eels, of course,\' he said in a large mustard-mine near here. And the Eaglet bent down its head impatiently, and walked a little.','1974-08-21 17:34:10'),(46,14,58,'March, I think I should think!\' (Dinah was the same size: to be seen--everything seemed to quiver all over with William the Conqueror.\' (For, with all her riper years, the simple and loving heart of.','1995-05-08 17:56:12'),(47,77,64,'The Mock Turtle\'s Story \'You can\'t think how glad I am very tired of sitting by her sister on the breeze that followed them, the melancholy words:-- \'Soo--oop of the lefthand bit. * * * * * * * *.','2010-08-09 04:19:17'),(48,60,47,'Oh, my dear paws! Oh my dear paws! Oh my dear Dinah! I wonder what they WILL do next! If they had at the Lizard as she spoke; \'either you or your head must be collected at once set to work very.','2013-02-19 10:37:05'),(49,33,93,'Footman. \'That\'s the first to speak. \'What size do you like the wind, and the Hatter went on, half to herself, \'it would be so easily offended, you know!\' The Mouse did not come the same thing,\'.','1977-10-11 20:43:09'),(50,58,38,'Latitude was, or Longitude either, but thought they were nice grand words to say.) Presently she began again: \'Ou est ma chatte?\' which was immediately suppressed by the soldiers, who of course had.','2000-09-09 08:54:57'),(51,13,70,'Alice heard it muttering to himself as he spoke, and then a voice sometimes choked with sobs, to sing you a song?\' \'Oh, a song, please, if the Queen was in the sun. (IF you don\'t know what to do.','1993-07-16 17:47:35'),(52,7,8,'Now I growl when I\'m pleased, and wag my tail when I\'m pleased, and wag my tail when I\'m pleased, and wag my tail when it\'s angry, and wags its tail when I\'m angry. Therefore I\'m mad.\' \'I call it.','1997-04-07 20:56:15'),(53,28,49,'I know. Silence all round, if you want to go near the right house, because the chimneys were shaped like the name: however, it only grinned a little irritated at the Lizard as she could not taste.','2001-04-16 04:05:02'),(54,17,100,'March--just before HE went mad, you know--\' She had not got into the wood. \'If it had struck her foot! She was looking down with her face in her French lesson-book. The Mouse did not answer, so.','2000-09-09 02:32:10'),(55,13,58,'I hadn\'t gone down that rabbit-hole--and yet--and yet--it\'s rather curious, you know, upon the other guinea-pig cheered, and was going to begin with,\' said the Hatter. \'He won\'t stand beating. Now,.','1991-08-21 08:30:47'),(56,19,26,'I beg your acceptance of this remark, and thought to herself, for she felt very glad to get in?\' she repeated, aloud. \'I shall do nothing of tumbling down stairs! How brave they\'ll all think me for.','1987-09-14 04:55:41'),(57,41,70,'I shall ever see such a wretched height to be.\' \'It is a long argument with the Gryphon. \'Of course,\' the Gryphon added \'Come, let\'s try the patience of an oyster!\' \'I wish the creatures argue. It\'s.','1992-11-28 11:00:47'),(58,5,80,'Ma!\' said the Dormouse, not choosing to notice this last word two or three of her hedgehog. The hedgehog was engaged in a hurry. \'No, I\'ll look first,\' she said, without even looking round. \'I\'ll.','1985-03-19 20:52:58'),(59,15,1,'Gryphon. \'I\'ve forgotten the words.\' So they got their tails in their proper places--ALL,\' he repeated with great curiosity. \'It\'s a mineral, I THINK,\' said Alice. \'Why?\' \'IT DOES THE BOOTS AND.','2007-08-24 04:32:17'),(60,98,34,'Alice, rather alarmed at the beginning,\' the King had said that day. \'No, no!\' said the Hatter, who turned pale and fidgeted. \'Give your evidence,\' said the Gryphon. \'It\'s all her life. Indeed, she.','2014-01-25 03:16:58'),(61,83,12,'The Mouse gave a little girl or a watch to take the roof off.\' After a while, finding that nothing more to be no chance of her knowledge. \'Just think of nothing else to do, and perhaps after all it.','1974-11-09 00:17:04'),(62,91,59,'CHAPTER IV. The Rabbit started violently, dropped the white kid gloves in one hand, and made believe to worry it; then Alice, thinking it was indeed: she was nine feet high, and her eyes to see it.','1982-09-12 14:00:50'),(63,76,50,'I eat one of the evening, beautiful Soup! Soup of the trees behind him. \'--or next day, maybe,\' the Footman went on eagerly. \'That\'s enough about lessons,\' the Gryphon interrupted in a tone of the.','2010-05-06 20:35:46'),(64,6,8,'Distraction, Uglification, and Derision.\' \'I never was so ordered about by mice and rabbits. I almost wish I hadn\'t begun my tea--not above a week or so--and what with the other paw, \'lives a.','1980-10-24 17:18:44'),(65,43,63,'Then came a little faster?\" said a sleepy voice behind her. \'Collar that Dormouse,\' the Queen was to get through the doorway; \'and even if I was, I shouldn\'t like THAT!\' \'Oh, you foolish Alice!\' she.','2009-04-17 06:14:29'),(66,45,55,'She had not gone far before they saw the White Rabbit, who said in a trembling voice, \'--and I hadn\'t quite finished my tea when I learn music.\' \'Ah! that accounts for it,\' said the March Hare will.','2006-03-18 08:41:39'),(67,33,51,'Cat. \'I said pig,\' replied Alice; \'and I do hope it\'ll make me giddy.\' And then, turning to Alice to herself, \'to be going messages for a little wider. \'Come, it\'s pleased so far,\' thought Alice,.','2020-05-23 23:50:21'),(68,62,60,'I\'ll just see what was on the twelfth?\' Alice went on, \'What\'s your name, child?\' \'My name is Alice, so please your Majesty!\' the soldiers remaining behind to execute the unfortunate gardeners, who.','1982-12-20 13:48:04'),(69,100,79,'Majesty!\' the Duchess began in a sulky tone, as it settled down in an undertone to the voice of the tail, and ending with the time,\' she said to the baby, and not to her, though, as they came.','2008-05-17 06:44:39'),(70,60,13,'Hatter said, tossing his head contemptuously. \'I dare say you\'re wondering why I don\'t care which happens!\' She ate a little girl she\'ll think me for a good way off, panting, with its eyelids, so he.','2004-06-24 04:53:52'),(71,36,78,'It means much the same thing a Lobster Quadrille The Mock Turtle went on. \'Or would you like to go on with the day and night! You see the earth takes twenty-four hours to turn round on its axis--\'.','2007-07-28 09:04:12'),(72,38,76,'Lobster Quadrille The Mock Turtle repeated thoughtfully. \'I should like to try the thing Mock Turtle recovered his voice, and, with tears running down his brush, and had to stop and untwist it..','1985-12-18 06:37:50'),(73,47,42,'That\'ll be a letter, after all: it\'s a French mouse, come over with fright. \'Oh, I beg your acceptance of this remark, and thought to herself. \'Shy, they seem to come before that!\' \'Call the next.','2002-08-12 02:56:51'),(74,55,62,'NO mistake about it: it was perfectly round, she found herself lying on their faces, and the Queen was silent. The Dormouse had closed its eyes were nearly out of this was her turn or not. \'Oh,.','1985-01-08 01:15:11'),(75,42,53,'Alice, \'I\'ve often seen a good deal to ME,\' said the young man said, \'And your hair has become very white; And yet I don\'t think,\' Alice went on again:-- \'I didn\'t mean it!\' pleaded poor Alice. \'But.','1998-05-15 19:32:08'),(76,95,25,'King; \'and don\'t be nervous, or I\'ll kick you down stairs!\' \'That is not said right,\' said the Caterpillar. \'Is that the cause of this ointment--one shilling the box-- Allow me to him: She gave me a.','1970-03-11 22:27:52'),(77,65,86,'I mentioned before, And have grown most uncommonly fat; Yet you finished the goose, with the Queen,\' and she jumped up and walking off to other parts of the cakes, and was going to say,\' said the.','2001-08-11 15:29:54'),(78,83,40,'However, she did not like the tone of this remark, and thought it must be growing small again.\' She got up and said, \'That\'s right, Five! Always lay the blame on others!\' \'YOU\'D better not do that.','1971-03-12 08:54:48'),(79,35,88,'Duchess, as she could. \'The Dormouse is asleep again,\' said the Mock Turtle at last, with a T!\' said the Lory. Alice replied very readily: \'but that\'s because it stays the same thing as \"I get what.','1973-12-12 16:59:37'),(80,47,78,'Pigeon, but in a great crowd assembled about them--all sorts of things--I can\'t remember half of them--and it belongs to the other queer noises, would change (she knew) to the King, and he poured a.','2015-12-06 11:09:49'),(81,51,91,'Mock Turtle. \'No, no! The adventures first,\' said the Duchess, as she spoke; \'either you or your head must be getting somewhere near the King sharply. \'Do you play croquet with the next witness. It.','1985-03-29 05:04:31'),(82,33,83,'I was a dead silence. Alice was not a moment to be ashamed of yourself for asking such a thing before, and behind them a new pair of white kid gloves, and was gone across to the Queen. \'Their heads.','2003-01-26 10:38:25'),(83,42,94,'OURS they had at the bottom of a bottle. They all sat down with one finger, as he shook both his shoes off. \'Give your evidence,\' said the Rabbit was still in sight, and no room at all like the.','2001-07-26 22:47:33'),(84,42,42,'Alice could not be denied, so she went on, looking anxiously about as much right,\' said the Gryphon. \'They can\'t have anything to say, she simply bowed, and took the watch and looked at Alice. \'It.','1996-03-08 05:18:55'),(85,72,1,'Knave, \'I didn\'t write it, and very neatly and simply arranged; the only difficulty was, that if something wasn\'t done about it in a shrill, passionate voice. \'Would YOU like cats if you only kept.','2002-12-29 13:10:46'),(86,54,8,'Bill\'s got to grow to my jaw, Has lasted the rest of my life.\' \'You are old, Father William,\' the young man said, \'And your hair has become very white; And yet I wish you wouldn\'t squeeze so.\' said.','1993-09-02 09:54:25'),(87,79,92,'Then followed the Knave was standing before them, in chains, with a smile. There was certainly too much frightened that she tipped over the verses the White Rabbit with pink eyes ran close by her..','1992-04-13 18:50:43'),(88,83,26,'CHORUS. \'Wow! wow! wow!\' While the Owl had the best thing to get us dry would be the right word) \'--but I shall never get to the jury, in a court of justice before, but she could not join the dance..','1990-10-14 01:13:09'),(89,34,38,'Duchess asked, with another dig of her childhood: and how she would catch a bat, and that\'s very like a telescope! I think that very few things indeed were really impossible. There seemed to listen,.','2001-05-12 03:45:58'),(90,87,76,'No, no! You\'re a serpent; and there\'s no use now,\' thought Alice, \'they\'re sure to happen,\' she said to herself, \'Why, they\'re only a mouse that had slipped in like herself. \'Would it be murder to.','2003-04-26 14:34:43'),(91,91,82,'March Hare took the least notice of her head pressing against the roof was thatched with fur. It was so large a house, that she had sat down again very sadly and quietly, and looked very anxiously.','1995-01-19 03:51:05'),(92,100,56,'I\'ve got back to her: its face in some alarm. This time there were any tears. No, there were ten of them, and it\'ll sit up and walking off to the waving of the shelves as she spoke. (The unfortunate.','2015-11-27 12:32:59'),(93,67,83,'Morcar, the earls of Mercia and Northumbria--\"\' \'Ugh!\' said the March Hare. Alice sighed wearily. \'I think I can say.\' This was quite a conversation of it in large letters. It was high time to avoid.','1979-08-11 15:10:23'),(94,95,2,'The Queen turned angrily away from him, and very neatly and simply arranged; the only one way of expecting nothing but out-of-the-way things had happened lately, that Alice had got burnt, and eaten.','1984-02-03 19:39:26'),(95,71,42,'He moved on as he shook both his shoes off. \'Give your evidence,\' said the Duchess: \'what a clear way you can;--but I must sugar my hair.\" As a duck with its tongue hanging out of sight. Alice.','1977-07-22 01:31:16'),(96,80,21,'Dormouse followed him: the March Hare and his friends shared their never-ending meal, and the small ones choked and had no idea what you\'re talking about,\' said Alice. \'Of course you know what \"it\".','1981-12-09 21:38:10'),(97,33,12,'Turtle.\' These words were followed by a row of lamps hanging from the trees upon her knee, and looking anxiously about as much as serpents do, you know.\' \'Who is this?\' She said this last word with.','1993-04-11 00:58:55'),(98,3,75,'How I wonder if I\'ve kept her eyes anxiously fixed on it, for she was beginning to see you again, you dear old thing!\' said Alice, a little feeble, squeaking voice, (\'That\'s Bill,\' thought Alice,).','1995-04-29 18:19:08'),(99,6,45,'Knave, \'I didn\'t know it was only too glad to do that,\' said the Mock Turtle, who looked at her, and the Panther received knife and fork with a lobster as a partner!\' cried the Gryphon, and the m--\'.','1982-01-08 23:04:35'),(100,17,78,'Alice to herself, \'to be going messages for a minute or two, it was over at last: \'and I wish you could keep it to be in a hot tureen! Who for such dainties would not join the dance. So they began.','1984-05-28 03:29:53');
/*!40000 ALTER TABLE `messages` ENABLE KEYS */;
UNLOCK TABLES;

--
-- Table structure for table `photos`
--

DROP TABLE IF EXISTS `photos`;
/*!40101 SET @saved_cs_client     = @@character_set_client */;
/*!50503 SET character_set_client = utf8mb4 */;
CREATE TABLE `photos` (
  `id` int unsigned NOT NULL AUTO_INCREMENT COMMENT 'ID фотографии',
  `album_id` int unsigned NOT NULL COMMENT 'ID фотоальбома',
  `media_id` int unsigned NOT NULL COMMENT 'ID медиафайла',
  PRIMARY KEY (`id`),
  UNIQUE KEY `album_media_UNIQUE` (`album_id`,`media_id`),
  KEY `media_idx` (`media_id`),
  KEY `album_idx` (`album_id`),
  CONSTRAINT `fk_photos__media1` FOREIGN KEY (`media_id`) REFERENCES `media` (`id`),
  CONSTRAINT `fk_photos__photo_albums1` FOREIGN KEY (`album_id`) REFERENCES `albums` (`id`)
) ENGINE=InnoDB AUTO_INCREMENT=101 DEFAULT CHARSET=utf8mb4 COLLATE=utf8mb4_0900_ai_ci COMMENT='фотографии';
/*!40101 SET character_set_client = @saved_cs_client */;

--
-- Dumping data for table `photos`
--

LOCK TABLES `photos` WRITE;
/*!40000 ALTER TABLE `photos` DISABLE KEYS */;
INSERT INTO `photos` VALUES (1,1,1),(2,2,2),(3,3,3),(4,4,4),(5,5,5),(6,6,6),(7,7,7),(8,8,8),(9,9,9),(10,10,10),(11,11,11),(12,12,12),(13,13,13),(14,14,14),(15,15,15),(16,16,16),(17,17,17),(18,18,18),(19,19,19),(20,20,20),(21,21,21),(22,22,22),(23,23,23),(24,24,24),(25,25,25),(26,26,26),(27,27,27),(28,28,28),(29,29,29),(30,30,30),(31,31,31),(32,32,32),(33,33,33),(34,34,34),(35,35,35),(36,36,36),(37,37,37),(38,38,38),(39,39,39),(40,40,40),(41,41,41),(42,42,42),(43,43,43),(44,44,44),(45,45,45),(46,46,46),(47,47,47),(48,48,48),(49,49,49),(50,50,50),(51,51,51),(52,52,52),(53,53,53),(54,54,54),(55,55,55),(56,56,56),(57,57,57),(58,58,58),(59,59,59),(60,60,60),(61,61,61),(62,62,62),(63,63,63),(64,64,64),(65,65,65),(66,66,66),(67,67,67),(68,68,68),(69,69,69),(70,70,70),(71,71,71),(72,72,72),(73,73,73),(74,74,74),(75,75,75),(76,76,76),(77,77,77),(78,78,78),(79,79,79),(80,80,80),(81,81,81),(82,82,82),(83,83,83),(84,84,84),(85,85,85),(86,86,86),(87,87,87),(88,88,88),(89,89,89),(90,90,90),(91,91,91),(92,92,92),(93,93,93),(94,94,94),(95,95,95),(96,96,96),(97,97,97),(98,98,98),(99,99,99),(100,100,100);
/*!40000 ALTER TABLE `photos` ENABLE KEYS */;
UNLOCK TABLES;

--
-- Table structure for table `profiles`
--

DROP TABLE IF EXISTS `profiles`;
/*!40101 SET @saved_cs_client     = @@character_set_client */;
/*!50503 SET character_set_client = utf8mb4 */;
CREATE TABLE `profiles` (
  `user_id` int unsigned NOT NULL AUTO_INCREMENT COMMENT 'ID пользователя',
  `gender` tinyint unsigned NOT NULL DEFAULT '0' COMMENT 'пол: 0 - неопр, 1 - муж, 2 - жен',
  `birthday` date DEFAULT NULL COMMENT 'день рождения',
  `location` varchar(255) DEFAULT NULL COMMENT 'адрес',
  `created_at` datetime NOT NULL DEFAULT CURRENT_TIMESTAMP COMMENT 'дата и время создания',
  PRIMARY KEY (`user_id`),
  CONSTRAINT `fk_profiles__users` FOREIGN KEY (`user_id`) REFERENCES `users` (`id`) ON DELETE CASCADE ON UPDATE CASCADE
) ENGINE=InnoDB AUTO_INCREMENT=101 DEFAULT CHARSET=utf8mb4 COLLATE=utf8mb4_0900_ai_ci COMMENT='профили пользователей';
/*!40101 SET character_set_client = @saved_cs_client */;

--
-- Dumping data for table `profiles`
--

LOCK TABLES `profiles` WRITE;
/*!40000 ALTER TABLE `profiles` DISABLE KEYS */;
INSERT INTO `profiles` VALUES (1,1,'1986-06-28','86815 Samantha Mountains\nSouth Okeyhaven, CA 24799','1998-06-28 00:02:06'),(2,1,'1972-03-25','571 Zemlak Fort Apt. 757\nPort Pascalefort, KY 61364','1992-10-23 16:27:30'),(3,1,'1985-11-06','538 McCullough River\nLake Vergiechester, NH 09437-3805','1977-05-04 02:50:44'),(4,2,'1995-09-20','618 Ervin Forest\nWest Lestermouth, MI 11248','1975-03-21 07:55:59'),(5,1,'1985-10-04','06424 Effertz Port\nAnkundingtown, WY 08115-5738','1994-09-22 07:08:50'),(6,2,'2002-07-10','7724 Cristina Curve\nJustusfurt, CT 98242-6648','2001-09-18 03:03:20'),(7,2,'1997-11-05','894 Gayle Unions\nSouth Mayefurt, NM 37448','1993-09-05 02:35:09'),(8,2,'1977-10-01','1061 Russell Mountains Apt. 475\nO\'Reillybury, KY 63908-3531','1989-08-11 14:40:09'),(9,1,'1995-07-31','2795 Akeem Street\nDurganbury, MI 64436-5912','1999-11-17 02:40:00'),(10,2,'1998-03-25','78979 Josue Orchard\nConroyview, WI 00429-8099','1980-03-28 02:35:19'),(11,1,'2007-05-16','8115 Lue Spur\nSchadenbury, AL 66812-9010','2018-02-16 16:22:26'),(12,1,'1993-03-24','775 Connelly Plain\nEast Rosendoborough, ID 72831','2013-04-16 08:39:05'),(13,2,'1996-10-08','879 Zulauf Wells Apt. 148\nRickeychester, DC 07656','1973-04-12 14:26:56'),(14,2,'1981-09-10','892 D\'Amore Land Apt. 047\nLake Kaylin, NM 01050-3307','2018-05-17 20:55:09'),(15,1,'1998-06-08','502 Rolfson Lights Apt. 493\nPort Torranceville, WY 25678-1402','2000-10-11 23:29:10'),(16,1,'1974-08-05','02378 Ritchie Hills\nSwiftland, CO 03935-1663','1979-01-13 09:15:49'),(17,2,'1989-12-24','8179 Hyman Flat Apt. 458\nMitchellborough, CO 47356','2008-11-18 05:07:15'),(18,2,'1970-12-05','955 Corkery Springs Suite 620\nPort Jettton, KS 37160','2013-01-09 11:17:44'),(19,1,'1999-04-20','181 Clementina Light\nHodkiewiczhaven, KY 00659-3207','1984-12-15 07:59:38'),(20,1,'1992-07-10','461 Hilll Estate\nPort Frederickport, WA 50800','1982-03-06 08:46:40'),(21,1,'1975-11-12','0199 Rowe Hollow Suite 684\nNorth Jovanny, NE 64066-4539','1991-11-29 09:36:19'),(22,1,'2005-07-29','544 Ortiz Loaf\nBodebury, PA 22338-1416','1999-10-20 09:10:03'),(23,1,'1998-03-27','213 Ruben Islands\nPacochamouth, OH 39116','1988-12-19 16:02:58'),(24,1,'1971-05-09','9657 Garry Circle Apt. 194\nWilkinsonberg, WY 20422','1980-11-30 16:03:03'),(25,1,'2001-02-14','97699 Rahul Lights\nNew Candidabury, NC 11838-6656','1985-09-21 09:50:35'),(26,2,'1979-11-18','81791 Mertz Vista\nLake Juvenalmouth, MA 80834','2005-05-06 16:22:53'),(27,2,'2003-06-21','2787 Goldner Union Apt. 401\nGaylordburgh, IA 69981','1979-03-11 00:47:48'),(28,2,'1973-06-08','567 Clovis Club Apt. 132\nNorth Hyman, NY 45477-6079','2018-12-21 16:42:26'),(29,1,'2009-02-22','8495 Conn Trail\nThomasfort, VT 66665-5603','2010-12-22 06:49:40'),(30,2,'2001-03-26','9487 Green Fords Suite 017\nTysonchester, VA 60189','1991-02-11 20:28:41'),(31,2,'1984-12-03','4410 Effertz Green\nEast Anabelhaven, ID 34696','1997-09-24 02:13:40'),(32,2,'2000-01-08','9314 Goldner Throughway Apt. 935\nSouth Aileen, ID 65685','2002-12-01 12:54:24'),(33,1,'1979-07-15','9752 Thiel Meadow Apt. 788\nNew Margueritemouth, GA 74449-7452','1979-01-04 11:40:48'),(34,1,'1996-10-24','1018 Xzavier Cliffs\nDeltafurt, UT 90994-7792','1981-01-30 06:50:05'),(35,2,'2003-06-30','51572 Pouros Island Suite 608\nBridiefort, SD 26871','2002-07-29 05:30:21'),(36,2,'1992-02-28','793 Alba Highway Apt. 377\nJaniceside, SC 06223-9904','1990-09-21 18:07:48'),(37,2,'1998-01-13','583 Schimmel Forges Suite 792\nEltaborough, OR 38706-5581','1991-02-24 22:48:31'),(38,1,'1990-09-29','920 Zackery Spring\nNatashafort, NE 15713-8686','2017-05-11 07:30:47'),(39,2,'2002-03-25','9293 Mozelle Center\nKaybury, UT 61718','2005-10-04 16:48:04'),(40,1,'1988-11-03','7280 Cesar Heights\nWest Kyle, NE 30065','1972-06-16 23:42:07'),(41,1,'2009-04-19','3470 Rosamond Brooks Suite 796\nNew Jarenland, CA 43750-7540','2003-01-08 10:37:41'),(42,2,'2002-07-28','756 Ruecker Locks Apt. 923\nErnieborough, ND 35548','1975-04-22 14:17:59'),(43,1,'2000-07-27','63947 Elliot Fort Apt. 364\nLake Nathan, MO 56406','1991-11-29 16:35:16'),(44,2,'2000-07-21','86261 Mittie Ports Suite 873\nKarinetown, MA 61489-1160','2014-02-01 16:22:15'),(45,2,'1978-12-10','346 Carlo Fork\nKimberlyshire, RI 61514-4860','1976-03-21 17:02:26'),(46,2,'1971-10-12','9309 Schulist Club Suite 569\nKaleyfort, AK 36312','1989-08-27 12:11:53'),(47,2,'2003-11-29','14385 Corene Roads\nWest Preston, VA 83420','2017-03-09 02:51:26'),(48,1,'1995-01-30','3044 Wuckert Viaduct Apt. 766\nMrazburgh, AR 27225','2011-04-20 00:42:20'),(49,2,'1978-07-19','10710 Dianna Bypass Apt. 085\nTommiehaven, FL 91178','2012-07-09 09:43:43'),(50,1,'1992-10-26','2956 Audreanne Fort\nMarquardtland, MI 32155','1972-11-15 16:30:58'),(51,1,'1994-05-20','8302 Botsford Isle\nReichertport, MS 35666-3448','1993-01-31 07:59:49'),(52,1,'2004-07-30','059 Gibson Glens Suite 987\nFreidabury, VA 12090','1989-05-11 09:29:13'),(53,1,'2002-03-09','3512 Remington Lock Suite 511\nMagdalenport, OK 78049','2011-05-08 06:45:13'),(54,1,'2006-01-30','28908 Eloy Meadows Suite 304\nAmandaville, DE 59889-0903','1981-03-07 22:11:23'),(55,1,'1986-11-12','9718 Louvenia Spurs Apt. 689\nLowechester, SC 16855-2672','2002-10-24 15:13:58'),(56,1,'1970-06-22','746 Macie Turnpike\nPort Aron, MS 52489','2000-01-24 05:32:24'),(57,2,'1972-04-20','3131 Ryan Lodge\nSalvatorefort, KY 36503-3886','2019-03-19 08:02:29'),(58,2,'1999-11-18','09487 Fae Neck\nConsidinefort, IL 54301','1974-06-01 20:11:24'),(59,2,'2008-04-11','931 Geovanni Square\nJosiannebury, AR 17761-8123','1970-10-08 13:24:08'),(60,1,'1987-02-11','3578 Hane Causeway Apt. 954\nPort Mertie, WI 02184-1969','2020-02-18 04:50:27'),(61,2,'1981-08-03','71363 Erdman Grove\nEast Noemie, KS 67259-9983','2002-10-25 15:48:05'),(62,1,'1970-01-31','29527 Johnston Wells\nTorphybury, GA 84439-4970','2019-03-22 15:46:21'),(63,1,'1990-10-28','5100 Betty Hills Apt. 388\nChloefurt, NM 12188','2009-10-08 23:36:48'),(64,2,'2000-05-22','664 Golda Fall\nBreitenbergbury, CA 50748','1995-04-13 21:39:31'),(65,1,'1996-06-01','2925 Hahn Loaf Apt. 627\nNorth Reystad, DC 98747','2010-06-23 00:30:37'),(66,1,'1985-12-16','4635 Runolfsson Plains\nSalvadorstad, NC 16483','2017-02-07 10:45:44'),(67,1,'1975-03-31','7657 Easter Ports Suite 424\nLake Arlo, WY 37244-2863','1974-03-31 22:08:51'),(68,2,'1977-05-12','062 Kihn Pine Apt. 492\nWillmsshire, MA 31477-5516','1985-09-29 02:28:16'),(69,2,'2002-01-26','19587 Katrina Oval Apt. 208\nEast Diana, VT 05661','2008-02-26 18:09:33'),(70,1,'1980-11-25','206 Stracke Stravenue Suite 455\nLizzieton, HI 04132','1979-03-17 13:23:29'),(71,1,'1971-11-20','86959 Mosciski Ports\nAnnabelltown, TN 10269-8089','1995-11-25 00:10:15'),(72,2,'1975-07-13','0191 Crystal Streets Suite 486\nGusikowskiside, SD 42858','1986-10-17 05:17:31'),(73,1,'1996-05-13','762 Tessie Port\nNorth Ofelia, NJ 83886','1981-10-07 10:35:32'),(74,2,'1985-11-03','69758 Dulce Cape Apt. 193\nVanbury, DC 51694','2007-05-03 12:51:41'),(75,2,'1989-09-18','512 Barrows Greens Suite 165\nSouth Antoinetteburgh, KS 72625','1982-12-30 16:52:52'),(76,2,'1982-09-16','0728 Dane Burgs\nNew Devinburgh, NY 39670','1988-02-03 15:19:47'),(77,1,'1988-07-18','588 Gleichner Crescent\nHillsview, MD 14059','1974-12-05 11:11:29'),(78,1,'1983-05-17','5883 Miller Spurs Apt. 477\nEast Calistashire, OH 45342-6621','1975-08-12 19:25:21'),(79,1,'1984-05-17','88311 Carli Isle\nPourosburgh, GA 74315-4977','1982-10-21 22:47:32'),(80,1,'1970-03-11','577 Lowe Stream\nNorth Jeffreyhaven, OK 60472-4171','1971-07-19 09:29:35'),(81,2,'1983-11-28','802 Eileen Bridge\nDamonport, NV 49150-8346','2010-12-16 06:25:39'),(82,2,'2008-10-22','64403 Jacobson Rapid Suite 877\nNew Manuel, ID 82261-3304','2006-08-16 07:27:24'),(83,2,'2002-04-26','150 Claudine Trafficway Suite 309\nKubhaven, AZ 63142','1980-01-18 10:36:22'),(84,2,'2001-12-10','4492 Hyatt Glen\nKuhnland, IA 08434','2005-04-23 06:35:56'),(85,2,'1992-02-21','17104 Heaven Walk Apt. 564\nVilmabury, LA 34553-9067','2016-08-22 00:10:02'),(86,1,'1973-02-24','7783 Block Rue Suite 812\nPowlowskiland, OH 06094-4325','2006-11-21 21:06:08'),(87,2,'1990-01-20','27928 Olson Pines Suite 499\nHermistonview, IN 73810','2015-12-11 01:18:35'),(88,1,'2003-08-31','707 Treva Turnpike\nMarastad, TN 44537-0475','1993-07-11 17:59:38'),(89,2,'2004-07-30','191 Kunze Way Apt. 535\nPort Maryam, MN 89590','1977-08-22 23:15:04'),(90,2,'1984-04-19','7200 Jonathan Plains\nNorth Sabina, NE 72540','1982-01-17 18:55:26'),(91,1,'1989-10-11','93626 Freda Shore\nSouth Pattown, OH 18517','1991-02-19 20:51:21'),(92,1,'1999-01-04','487 Grimes Squares\nGeorgianaview, CT 18418','1994-03-12 13:10:10'),(93,1,'1982-04-15','135 Dominic Crescent Apt. 847\nLake Cooper, AL 69077-9824','2000-03-17 03:27:37'),(94,1,'1987-04-17','13131 Marcelo Mount\nMaybelletown, RI 42537-2607','2008-12-16 02:14:16'),(95,1,'1982-06-21','949 Reagan Light\nSchulistmouth, WA 42351-8696','2007-08-25 06:31:26'),(96,2,'1992-08-14','9713 Cartwright Village Suite 590\nRyleighfort, KS 49935','1989-02-08 01:33:05'),(97,1,'2004-01-25','858 Damien Summit\nOciemouth, OK 55395','1989-02-19 20:32:10'),(98,1,'1982-05-26','999 Lauriane Valley\nTaylorport, WV 32848','1970-10-01 20:21:52'),(99,2,'2004-11-11','4264 Runte Point\nKertzmannshire, SD 99505-9660','2005-12-26 11:30:33'),(100,1,'1994-12-09','359 Treva Stream\nO\'Reillyberg, IL 33697','2001-02-17 23:08:15');
/*!40000 ALTER TABLE `profiles` ENABLE KEYS */;
UNLOCK TABLES;

--
-- Table structure for table `users`
--

DROP TABLE IF EXISTS `users`;
/*!40101 SET @saved_cs_client     = @@character_set_client */;
/*!50503 SET character_set_client = utf8mb4 */;
CREATE TABLE `users` (
  `id` int unsigned NOT NULL AUTO_INCREMENT COMMENT 'ID пользователя',
  `firstname` varchar(255) NOT NULL COMMENT 'имя',
  `lastname` varchar(255) NOT NULL COMMENT 'фамилия',
  `email` varchar(255) NOT NULL COMMENT 'email',
  `phone` bigint unsigned DEFAULT NULL COMMENT 'телефон',
  `photo_id` int unsigned DEFAULT NULL COMMENT 'ID медиафайла - фото пользователя',
  `password_hash` char(64) DEFAULT NULL COMMENT 'хэш пароля',
  PRIMARY KEY (`id`),
  UNIQUE KEY `email_UNIQUE` (`email`),
  UNIQUE KEY `phone_UNIQUE` (`phone`) /*!80000 INVISIBLE */,
  KEY `firsname_lastname_idx` (`firstname`,`lastname`),
  KEY `photo_idx` (`photo_id`) /*!80000 INVISIBLE */,
  CONSTRAINT `fk_users__media` FOREIGN KEY (`photo_id`) REFERENCES `media` (`id`)
) ENGINE=InnoDB AUTO_INCREMENT=101 DEFAULT CHARSET=utf8mb4 COLLATE=utf8mb4_0900_ai_ci COMMENT='пользователи';
/*!40101 SET character_set_client = @saved_cs_client */;

--
-- Dumping data for table `users`
--

LOCK TABLES `users` WRITE;
/*!40000 ALTER TABLE `users` DISABLE KEYS */;
INSERT INTO `users` VALUES (1,'Seamus','Pouros','hammes.addison@example.org',79351461147,NULL,'5dea28cb9f38002e6c5eb605a0770482c1a813e3'),(2,'Angie','Smith','ysenger@example.net',79852819381,NULL,'b4dc8a5a738c2ca08d60e76b7ec28d5faf3754f7'),(3,'Milo','Wyman','amir.goodwin@example.com',79645453570,NULL,'8b7fccbd4dfcfaa3c0efdb3887d9c2f96f331e34'),(4,'Cordie','Koss','giovanna57@example.org',79680755000,NULL,'f1675f775a5ca151caeb41153d4915364f4d8c76'),(5,'Daniella','Senger','antoinette01@example.net',79750166933,NULL,'0c2b8f8f8e07bbd76d4a5600993e08660538e09d'),(6,'Marian','Johnson','morar.ivory@example.org',79272777662,NULL,'67dff1186d52ffee42537f9278e791422e631fcb'),(7,'Kavon','Smitham','russel.rosie@example.com',79978930320,NULL,'4e4afb224eae9df8a17a5c4ad46b96608bf76c0d'),(8,'Anabel','Mohr','simeon15@example.org',79208618927,NULL,'c73bb709f60fc04f8a9fd36fff1a356280e9fa4f'),(9,'Mckenna','Gerhold','aracely.hoppe@example.net',79380419953,NULL,'1057a8457adb9c2b47448a73cd0b78c5a1b788db'),(10,'Frieda','Fisher','nwilderman@example.org',79147392291,NULL,'d30aab31cc6288204ec14117b5c4eb24c9b1a2dc'),(11,'Consuelo','Cummings','wpredovic@example.com',79307805334,NULL,'f7a54f9bfb3168bd1f155e116601a3f2cebbd734'),(12,'Destin','Stiedemann','hilll.caitlyn@example.com',79673208088,NULL,'235bff41a61caa7caa0f0d2d774315e3ce18402e'),(13,'Billy','Schulist','tmuller@example.net',79767652855,NULL,'3c9c575979fc991e12392284a752fa3a782692f7'),(14,'Jeanne','Blanda','marguerite.hickle@example.com',79056891736,NULL,'993c7a88c78b2e6be003778bb91d8215d9dd3cf0'),(15,'Kyle','Renner','hoeger.larue@example.net',79282075808,NULL,'9d0bd51b8c6a95f700d5d5d219b64af0aba87ff2'),(16,'Jaren','Anderson','schmitt.rebeka@example.com',79842451425,NULL,'7baebae9655b7e3a76268a0cc222e82b151e99a4'),(17,'Jevon','Simonis','zwunsch@example.org',79817612882,NULL,'df69b5cfb87f0b9b63eb433678bbbaebd910c190'),(18,'Alfred','Howell','bryana.heaney@example.net',79347422110,NULL,'6c7becc2375ec31d38fb00c946058f9808cf73b7'),(19,'Gudrun','Jacobs','buster.shields@example.org',79945200902,NULL,'384587ed936b25a417faa911d528299a15f1b1da'),(20,'Estell','Lemke','lhodkiewicz@example.com',79160547544,NULL,'ceff0de8914115c849db6d9170691eefa49eb6f6'),(21,'Mary','Russel','qbeahan@example.com',79209870983,NULL,'e9dd2030b43ca024b1941f4677b1d5cf97594ce8'),(22,'Brandy','Willms','fsipes@example.net',79259018516,NULL,'4817d4830355db9422586d4760d364ca029c4b81'),(23,'Shanny','Kautzer','kuhn.jayden@example.com',79868868260,NULL,'721122ba8021983f171dd10ef7db1b7ec689bb39'),(24,'Scarlett','Kirlin','rmckenzie@example.com',79900775870,NULL,'23140e5edbb0fe7b47dab629791592d58297f70a'),(25,'Dayana','Ryan','azemlak@example.net',79514339835,NULL,'9c2de7fc25a27ad32f3624764d8907138e11b253'),(26,'Justine','Lynch','jast.paxton@example.com',79235564263,NULL,'91cc56427e9f2c10d7559fe7f9d6761c967ba798'),(27,'Dudley','Hodkiewicz','arturo99@example.com',79434008084,NULL,'332016194ed3a609e0d2042fe0a08f005b857987'),(28,'Jody','O\'Reilly','grant.antonina@example.com',79511491072,NULL,'23f9f9fb365d0d14705149a8dda3bfb6bc1a0c80'),(29,'Raoul','Reichert','vivian.vandervort@example.org',79619654198,NULL,'9c439ed5387d6466c9fcf67723ff315c8b3bf217'),(30,'Jodie','Schmeler','orlo.lang@example.org',79076205057,NULL,'75185132cc8d9bcd14bc8bcb976b2e95469c6737'),(31,'Edna','Paucek','deshawn.kautzer@example.com',79011098453,NULL,'9f57f69c574b9ec38d08f8b9cea6a0f845d062b8'),(32,'Beatrice','Parisian','carroll.alberta@example.org',79443553243,NULL,'c20e6702d92b93122ca510fce6b5ff999d555749'),(33,'Genevieve','Harvey','stephania98@example.org',79127185050,NULL,'bcea910ff006b8616f6874f63be27c7b6fed855d'),(34,'Luigi','Jakubowski','carleton70@example.net',79267221982,NULL,'a1c5eddd47e65efff502ec5df017f8fbcaa90a41'),(35,'Jalyn','Dickinson','maverick.ziemann@example.com',79674869670,NULL,'65ecc9b90e67d8134d6a6608967c9006dc14b163'),(36,'Ludie','Anderson','kwitting@example.com',79420733800,NULL,'eb3c5cd5ce7bd96d08f25de764be4d60062adba2'),(37,'Noemi','White','marge.mcclure@example.net',79423503800,NULL,'85fe025eb1c1c80e16a9c3e9b80feef586837c31'),(38,'Robbie','Purdy','dhaag@example.net',79040431106,NULL,'b7620003ffc748cf9f71c294fad787c93392ee7d'),(39,'Ila','Leuschke','fhammes@example.org',79887789484,NULL,'aa34bd6c7dd80115ddd8bde140c4583ffcfcab50'),(40,'Laney','Parker','mmiller@example.net',79645682677,NULL,'1bd8f997cfec04e2fb35e8c85739f84fc5189187'),(41,'Rosa','Terry','donnelly.beverly@example.net',79440244788,NULL,'3d48491875e389ac64fed9d53920807e8ebcde55'),(42,'Estefania','Heathcote','schultz.demetris@example.com',79848585297,NULL,'2f0afd841d5d8ccfe148aa36bec4b650f8e110ec'),(43,'Georgiana','Carter','vhackett@example.net',79026998103,NULL,'40274382e392bf48db98aa9878b8b712bb3b554f'),(44,'Eldred','Gutkowski','abdul94@example.com',79108483434,NULL,'c2199ebc0dcc0f6d5c4002075d88e59bc8f0a72d'),(45,'Roma','Dare','turner.lakin@example.com',79537287549,NULL,'c39d8b6181d8f0310dfad260fdc8da331c70bc74'),(46,'Merlin','Sawayn','mbeer@example.org',79815789544,NULL,'9d75189ffa15c5debbd14c711a5e1c280ad584d4'),(47,'Brielle','Pfeffer','jaime99@example.com',79415339809,NULL,'b7d5892e630f0adc76654206562ba8aea84d4941'),(48,'Reanna','Kshlerin','rice.jettie@example.net',79109094774,NULL,'3db79a737a52a9faeacf5ca10625858ce2a12389'),(49,'Idell','Prohaska','yazmin.mertz@example.net',79715727144,NULL,'627d796ddd3753601a827803cd9e9c8b6edbd8b7'),(50,'Jameson','Zieme','alia90@example.com',79396028217,NULL,'46ec1ac631db54863cbdc93865a32d53054cc29f'),(51,'Trevor','Bruen','rey.schinner@example.com',79162066013,NULL,'181f05383fd3dfb822290d78602fe57b62d6b77f'),(52,'Laisha','Pfannerstill','mlind@example.org',79158745355,NULL,'1af3b5dcd3ad463f2ca4e76e6178b5cbfc8b984f'),(53,'Taryn','Dietrich','twisozk@example.net',79271432274,NULL,'b37100090afadafad73be3aa926c4986a05823c7'),(54,'Immanuel','Feest','bill.balistreri@example.net',79307267534,NULL,'0a62e7faf9b269b80ded56b1971138a877f8890d'),(55,'Annamae','Marks','gussie.zieme@example.com',79344544316,NULL,'d59da2923f23db55b28db5306e4d0e2695f44af2'),(56,'Xavier','Weber','krajcik.paris@example.org',79753702710,NULL,'294aa080a52649bffbd0a726c0727dd52dea3f18'),(57,'Juliet','Jacobson','wintheiser.osborne@example.com',79816323789,NULL,'c2489bd2b42320cf8164cfd25bec55322f58f95b'),(58,'Heloise','Cummerata','maureen09@example.net',79040027352,NULL,'c1ceda1647fc9ec39e110b14dbea1b8009d53445'),(59,'Rory','Weber','gblick@example.net',79443869759,NULL,'7dd99c8793958e94f11b47de366555fa60a9a993'),(60,'Norbert','Feil','agnes44@example.com',79136364739,NULL,'dba8f0ba338b08bbd5cba26bd073c81fb533e807'),(61,'Lyda','Langosh','noemi73@example.net',79464637228,NULL,'a7813263a44926d1f3eaf454234155177d8e6c09'),(62,'Marcellus','Volkman','hans.haag@example.com',79971237414,NULL,'4bdce3e2fba6243a43625d4e250dec48d099d0ec'),(63,'Lexus','Turner','fisher.kendra@example.org',79300903802,NULL,'43852b9825392017ce786fb0fac85b66c2792137'),(64,'Edwina','Waelchi','bashirian.jailyn@example.org',79945377997,NULL,'59b10c70ce5ddf3b0fc5cdbba17a3fba7f781042'),(65,'Boris','Willms','nellie02@example.org',79726239452,NULL,'064261fa2bcb30498c45bf6b545c2a3d953a2f22'),(66,'Peter','Rice','alessandra67@example.com',79646933755,NULL,'d86638f10757522575c3defd0b0e02bae21f66df'),(67,'Dane','Moore','lmccullough@example.com',79641886616,NULL,'a1994d9ab41685c790bcf198094baf26f768a4b1'),(68,'Andreane','Bartell','yundt.alta@example.net',79823679878,NULL,'abffe6c20a0380db0970ab11a581ec455159eca6'),(69,'Letitia','Langosh','frederick62@example.net',79601341147,NULL,'c9971e8dcc87ef9964ca3806d00bc9c5f13526ce'),(70,'Mckenna','Greenholt','raltenwerth@example.net',79474834083,NULL,'1eead43ad20607fb7cb4e76d4e467ac0d31b0059'),(71,'Brandy','Sporer','batz.elijah@example.org',79412251148,NULL,'5df753ec713da77aa5e3a50a31ca2f72aab798b1'),(72,'Germaine','Smitham','kerluke.flavio@example.org',79675763098,NULL,'75ff8316c2644254cafb23dd9a5ad150cd95ddee'),(73,'Macie','Hackett','vhaley@example.org',79015248125,NULL,'e8f3c83dbb9254520cf08fe975c87e28296165f2'),(74,'Geraldine','Romaguera','hassie56@example.net',79156374333,NULL,'f4e9fba8acc9ef8631f90b4a6fdb657d5ed7c4d4'),(75,'Maryse','Schimmel','mariam27@example.org',79223687745,NULL,'b3fba1e6b0fa1b4bdfcb132db2888086810940b6'),(76,'Harvey','Grant','mack.kunze@example.net',79295495384,NULL,'3da618aa57a84d44e24eb3bd9d1ca333013738fa'),(77,'Arthur','Frami','garry17@example.com',79080185179,NULL,'58b7c06ecc64d0b6bead1b6720f3b2edac8dc00a'),(78,'Wilson','Koelpin','will.herzog@example.net',79314725223,NULL,'00ccb29c0a19d56b8b2a6944f30bdebd8db8ebdb'),(79,'Gisselle','Boehm','cesar68@example.com',79150740734,NULL,'e684a5a58b6d802d3bd2af8ecc354daf94686c99'),(80,'Abelardo','Padberg','nlangworth@example.net',79799174656,NULL,'19977e3854e6c711f389a4711069f44f9f7f5854'),(81,'Narciso','Torp','june.jacobson@example.net',79957603721,NULL,'7da957702e343f6b056ca2b477ef5eb07b028bee'),(82,'Tia','Flatley','johanna.howe@example.net',79653418085,NULL,'ebf1527d8cb705b71d3068ba720e97858c079dfa'),(83,'Lucienne','Lehner','conroy.theo@example.net',79430354880,NULL,'58a1b922e25a42b375a1c57bbd2d7df1a534043b'),(84,'Kamron','Von','xdavis@example.com',79107085213,NULL,'5d5ca2d6bf47ffde3abf04fbc2619fb073203450'),(85,'Franco','Hills','brook16@example.net',79009926979,NULL,'4c6e4f549f32c52190ad39f60a376f87029dd263'),(86,'Coleman','Swift','jerde.willis@example.com',79766139513,NULL,'01bcbdc0d61a8d3c4cd83bb5014f04eaccb31d7e'),(87,'Darius','Renner','torp.keely@example.org',79831396430,NULL,'198099e8567ecf1b477e8c7dccef174e1a42b8e7'),(88,'Clemens','Harris','davonte82@example.org',79142651467,NULL,'9bdd69df38b96e0d62b87486a0d0324aa53f8bc6'),(89,'Dessie','Pacocha','aprosacco@example.com',79424966265,NULL,'ef4ef8259215564c2c6969a81fdfc5b66e56ba9f'),(90,'Norberto','Huels','pollich.hildegard@example.com',79558507108,NULL,'a4afc774935272c594b4bcef329deffe15b07714'),(91,'Akeem','Lueilwitz','kessler.cornelius@example.net',79822679628,NULL,'cd88a95aeb66c6585cc4cf5e894fcacd2bcc1443'),(92,'Rowena','Ritchie','von.august@example.net',79450634232,NULL,'be2d0331beae6b07d598c6df8f9255a5e4b3d27c'),(93,'Braulio','Olson','cali.anderson@example.net',79028125953,NULL,'7ce6cb7bdc23eb9201b8f67db98ddbd6ee03bc6b'),(94,'Jayde','Mraz','mkautzer@example.net',79415327795,NULL,'c28458dfa369f15f9af31db62fa4536a274cca39'),(95,'Amber','Corwin','harris.danielle@example.org',79329761189,NULL,'a8e78ebcd3151b8597f22a3749db85ac78204ec1'),(96,'Ephraim','Pagac','abelardo91@example.com',79653701593,NULL,'df5e4f731e96e302d290bcb8b49ab90f26d4f8c4'),(97,'Sherman','Leffler','kassulke.osbaldo@example.net',79769129030,NULL,'ed9581bd801050605f50266d5f192e9ecd66b134'),(98,'Devon','Bergstrom','dooley.herminia@example.org',79904671253,NULL,'6bef934f323c38f237f450f2bfc48f95582062fb'),(99,'Dasia','Thiel','boehm.frances@example.net',79114227950,NULL,'bbc89bfff448b9fffa8571800d6b2731c3e7bdde'),(100,'Drake','Lynch','martin41@example.net',79341013944,NULL,'b7aa925b7d6a7e9e808f0e675a85dfa3f3f6e4a9');
/*!40000 ALTER TABLE `users` ENABLE KEYS */;
UNLOCK TABLES;

--
-- Table structure for table `users_communities`
--

DROP TABLE IF EXISTS `users_communities`;
/*!40101 SET @saved_cs_client     = @@character_set_client */;
/*!50503 SET character_set_client = utf8mb4 */;
CREATE TABLE `users_communities` (
  `community_id` int unsigned NOT NULL COMMENT 'ID группы',
  `user_id` int unsigned NOT NULL COMMENT 'ID пользователя',
  PRIMARY KEY (`community_id`,`user_id`),
  KEY `user_idx` (`user_id`),
  KEY `community_idx` (`community_id`),
  CONSTRAINT `fk_users_communities__communities` FOREIGN KEY (`community_id`) REFERENCES `communities` (`id`),
  CONSTRAINT `fk_users_communities__users` FOREIGN KEY (`user_id`) REFERENCES `users` (`id`)
) ENGINE=InnoDB DEFAULT CHARSET=utf8mb4 COLLATE=utf8mb4_0900_ai_ci COMMENT='участники группы';
/*!40101 SET character_set_client = @saved_cs_client */;

--
-- Dumping data for table `users_communities`
--

LOCK TABLES `users_communities` WRITE;
/*!40000 ALTER TABLE `users_communities` DISABLE KEYS */;
INSERT INTO `users_communities` VALUES (9,4),(9,5),(6,13),(4,17),(8,22),(7,23),(8,32),(1,33),(9,33),(7,34),(8,34),(9,34),(6,35),(7,35),(7,37),(5,42),(1,46),(5,47),(7,52),(7,58),(4,67),(5,67),(6,67),(8,76),(5,81),(3,90),(8,90),(9,96),(3,100);
/*!40000 ALTER TABLE `users_communities` ENABLE KEYS */;
UNLOCK TABLES;
/*!40103 SET TIME_ZONE=@OLD_TIME_ZONE */;

/*!40101 SET SQL_MODE=@OLD_SQL_MODE */;
/*!40014 SET FOREIGN_KEY_CHECKS=@OLD_FOREIGN_KEY_CHECKS */;
/*!40014 SET UNIQUE_CHECKS=@OLD_UNIQUE_CHECKS */;
/*!40101 SET CHARACTER_SET_CLIENT=@OLD_CHARACTER_SET_CLIENT */;
/*!40101 SET CHARACTER_SET_RESULTS=@OLD_CHARACTER_SET_RESULTS */;
/*!40101 SET COLLATION_CONNECTION=@OLD_COLLATION_CONNECTION */;
/*!40111 SET SQL_NOTES=@OLD_SQL_NOTES */;

-- Dump completed on 2020-09-02 18:55:47
